name,position,position_raw,age,number,market_value,source
Bastián Rubilar,N/A,N/A,N/A,N/A,N/A,https://enelcamarin.cl/joomsport_team/provincial-talagante/?sid=166009
Ángelo Araya,N/A,N/A,N/A,N/A,N/A,https://enelcamarin.cl/joomsport_team/provincial-talagante/?sid=166009
Gustavo Garrido,N/A,N/A,N/A,N/A,N/A,https://enelcamarin.cl/joomsport_team/provincial-talagante/?sid=166009
Miguel Ramos Portero,ARQ,Portero,N/A,N/A,N/A,https://enelcamarin.cl/joomsport_team/provincial-talagante/?sid=166009
Mirko Rivera Portero,ARQ,Portero,N/A,N/A,N/A,https://enelcamarin.cl/joomsport_team/provincial-talagante/?sid=166009
Cristóbal León Portero,ARQ,Portero,N/A,N/A,N/A,https://enelcamarin.cl/joomsport_team/provincial-talagante/?sid=166009
Pablo Sepúlveda Portero,ARQ,Portero,N/A,N/A,N/A,https://enelcamarin.cl/joomsport_team/provincial-talagante/?sid=166009
Cristóbal Huerta Portero,ARQ,Portero,N/A,N/A,N/A,https://enelcamarin.cl/joomsport_team/provincial-talagante/?sid=166009
Benjamín Muñoz Fernández Portero,ARQ,Portero,N/A,N/A,N/A,https://enelcamarin.cl/joomsport_team/provincial-talagante/?sid=166009
1. Lucas Campos Portero,ARQ,Portero,N/A,N/A,N/A,https://enelcamarin.cl/joomsport_team/provincial-talagante/?sid=166009
José San Martín Portero,ARQ,Portero,N/A,N/A,N/A,https://enelcamarin.cl/joomsport_team/provincial-talagante/?sid=166009
Matías Carreño Portero,ARQ,Portero,N/A,N/A,N/A,https://enelcamarin.cl/joomsport_team/provincial-talagante/?sid=166009
Tomás Bahamondes Portero,ARQ,Portero,N/A,N/A,N/A,https://enelcamarin.cl/joomsport_team/provincial-talagante/?sid=166009
Sebastián Gajardo Portero,ARQ,Portero,N/A,N/A,N/A,https://enelcamarin.cl/joomsport_team/provincial-talagante/?sid=166009
Denis Pereira Defensa,DEF,Defensa,N/A,N/A,N/A,https://enelcamarin.cl/joomsport_team/provincial-talagante/?sid=166009
Dilan Fuentes Defensa,DEF,Defensa,N/A,N/A,N/A,https://enelcamarin.cl/joomsport_team/provincial-talagante/?sid=166009
Bastián Osorio Defensa,DEF,Defensa,N/A,N/A,N/A,https://enelcamarin.cl/joomsport_team/provincial-talagante/?sid=166009
Matías Quintana Defensa,DEF,Defensa,N/A,N/A,N/A,https://enelcamarin.cl/joomsport_team/provincial-talagante/?sid=166009
Juan Matta Defensa,DEF,Defensa,N/A,N/A,N/A,https://enelcamarin.cl/joomsport_team/provincial-talagante/?sid=166009
Cristofer Fuenzalida Defensa,DEF,Defensa,N/A,N/A,N/A,https://enelcamarin.cl/joomsport_team/provincial-talagante/?sid=166009
Juan Bravo Defensa,DEF,Defensa,N/A,N/A,N/A,https://enelcamarin.cl/joomsport_team/provincial-talagante/?sid=166009
José Campos Defensa,DEF,Defensa,N/A,N/A,N/A,https://enelcamarin.cl/joomsport_team/provincial-talagante/?sid=166009
David Núñez Vásquez Defensa,DEF,Defensa,N/A,N/A,N/A,https://enelcamarin.cl/joomsport_team/provincial-talagante/?sid=166009
Bruno Cruz Defensa,DEF,Defensa,N/A,N/A,N/A,https://enelcamarin.cl/joomsport_team/provincial-talagante/?sid=166009
Sebastián Sepúlveda Ortiz Defensa,DEF,Defensa,N/A,N/A,N/A,https://enelcamarin.cl/joomsport_team/provincial-talagante/?sid=166009
Simón Castro Defensa,DEF,Defensa,N/A,N/A,N/A,https://enelcamarin.cl/joomsport_team/provincial-talagante/?sid=166009
David Rojas Defensa,DEF,Defensa,N/A,N/A,N/A,https://enelcamarin.cl/joomsport_team/provincial-talagante/?sid=166009
Lucas Valenzuela Defensa,DEF,Defensa,N/A,N/A,N/A,https://enelcamarin.cl/joomsport_team/provincial-talagante/?sid=166009
Paolo Flores Defensa,DEF,Defensa,N/A,N/A,N/A,https://enelcamarin.cl/joomsport_team/provincial-talagante/?sid=166009
5. Benjamín Herrera Defensa,DEF,Defensa,N/A,N/A,N/A,https://enelcamarin.cl/joomsport_team/provincial-talagante/?sid=166009
Matías Alfaro Defensa,DEF,Defensa,N/A,N/A,N/A,https://enelcamarin.cl/joomsport_team/provincial-talagante/?sid=166009
13. Yarko Álvarez Defensa,DEF,Defensa,N/A,N/A,N/A,https://enelcamarin.cl/joomsport_team/provincial-talagante/?sid=166009
15. Juan Armijo Defensa,DEF,Defensa,N/A,N/A,N/A,https://enelcamarin.cl/joomsport_team/provincial-talagante/?sid=166009
23. Javier Barahona Defensa,DEF,Defensa,N/A,N/A,N/A,https://enelcamarin.cl/joomsport_team/provincial-talagante/?sid=166009
13. Cristián Álvarez Defensa,DEF,Defensa,N/A,N/A,N/A,https://enelcamarin.cl/joomsport_team/provincial-talagante/?sid=166009
35. Iván Ruiz Defensa,DEF,Defensa,N/A,N/A,N/A,https://enelcamarin.cl/joomsport_team/provincial-talagante/?sid=166009
Vicente Garrido Poblete Defensa,DEF,Defensa,N/A,N/A,N/A,https://enelcamarin.cl/joomsport_team/provincial-talagante/?sid=166009
Adolfo Guzmán Defensa,DEF,Defensa,N/A,N/A,N/A,https://enelcamarin.cl/joomsport_team/provincial-talagante/?sid=166009
Daniel Núñez Defensa,DEF,Defensa,N/A,N/A,N/A,https://enelcamarin.cl/joomsport_team/provincial-talagante/?sid=166009
David Peña Defensa,DEF,Defensa,N/A,N/A,N/A,https://enelcamarin.cl/joomsport_team/provincial-talagante/?sid=166009
Matías Baeza Defensa,DEF,Defensa,N/A,N/A,N/A,https://enelcamarin.cl/joomsport_team/provincial-talagante/?sid=166009
Matías Becerra Defensa,DEF,Defensa,N/A,N/A,N/A,https://enelcamarin.cl/joomsport_team/provincial-talagante/?sid=166009
Juan Gabriel Díaz Volante,MED,Volante,N/A,N/A,N/A,https://enelcamarin.cl/joomsport_team/provincial-talagante/?sid=166009
Ian Leal Volante,MED,Volante,N/A,N/A,N/A,https://enelcamarin.cl/joomsport_team/provincial-talagante/?sid=166009
Marco Fuentes Volante,MED,Volante,N/A,N/A,N/A,https://enelcamarin.cl/joomsport_team/provincial-talagante/?sid=166009
Martín Leal Volante,MED,Volante,N/A,N/A,N/A,https://enelcamarin.cl/joomsport_team/provincial-talagante/?sid=166009
Gonzalo Luarte Volante,MED,Volante,N/A,N/A,N/A,https://enelcamarin.cl/joomsport_team/provincial-talagante/?sid=166009
Sebastián Mora Volante,MED,Volante,N/A,N/A,N/A,https://enelcamarin.cl/joomsport_team/provincial-talagante/?sid=166009
Luis Cofré Volante,MED,Volante,N/A,N/A,N/A,https://enelcamarin.cl/joomsport_team/provincial-talagante/?sid=166009
Sebastián Vega Volante,MED,Volante,N/A,N/A,N/A,https://enelcamarin.cl/joomsport_team/provincial-talagante/?sid=166009
Tomás Díaz Volante,MED,Volante,N/A,N/A,N/A,https://enelcamarin.cl/joomsport_team/provincial-talagante/?sid=166009
Tobías Córdoba Volante,MED,Volante,N/A,N/A,N/A,https://enelcamarin.cl/joomsport_team/provincial-talagante/?sid=166009
Felipe Peña Volante,MED,Volante,N/A,N/A,N/A,https://enelcamarin.cl/joomsport_team/provincial-talagante/?sid=166009
Juan Díaz García Volante,MED,Volante,N/A,N/A,N/A,https://enelcamarin.cl/joomsport_team/provincial-talagante/?sid=166009
Benjamín Hernández Volante,MED,Volante,N/A,N/A,N/A,https://enelcamarin.cl/joomsport_team/provincial-talagante/?sid=166009
Benjamín Vidal Henríquez Volante,MED,Volante,N/A,N/A,N/A,https://enelcamarin.cl/joomsport_team/provincial-talagante/?sid=166009
Marco Almonacid Volante,MED,Volante,N/A,N/A,N/A,https://enelcamarin.cl/joomsport_team/provincial-talagante/?sid=166009
15. Axel Oviedo Flores Volante,MED,Volante,N/A,N/A,N/A,https://enelcamarin.cl/joomsport_team/provincial-talagante/?sid=166009
14. Bastián Soto Volante,MED,Volante,N/A,N/A,N/A,https://enelcamarin.cl/joomsport_team/provincial-talagante/?sid=166009
Diego Vargas Volante,MED,Volante,N/A,N/A,N/A,https://enelcamarin.cl/joomsport_team/provincial-talagante/?sid=166009
Jean Franco Sepúlveda Volante,MED,Volante,N/A,N/A,N/A,https://enelcamarin.cl/joomsport_team/provincial-talagante/?sid=166009
5. Dereck Salinas Volante,MED,Volante,N/A,N/A,N/A,https://enelcamarin.cl/joomsport_team/provincial-talagante/?sid=166009
20. Javier Ramos Volante,MED,Volante,N/A,N/A,N/A,https://enelcamarin.cl/joomsport_team/provincial-talagante/?sid=166009
17. Dalian Sandoval Volante,MED,Volante,N/A,N/A,N/A,https://enelcamarin.cl/joomsport_team/provincial-talagante/?sid=166009
Fabián Neira Hermosilla Volante,MED,Volante,N/A,N/A,N/A,https://enelcamarin.cl/joomsport_team/provincial-talagante/?sid=166009
Luciano López Volante,MED,Volante,N/A,N/A,N/A,https://enelcamarin.cl/joomsport_team/provincial-talagante/?sid=166009
Héctor Farías Volante,MED,Volante,N/A,N/A,N/A,https://enelcamarin.cl/joomsport_team/provincial-talagante/?sid=166009
Nicolás Pérez Zúñiga Volante,MED,Volante,N/A,N/A,N/A,https://enelcamarin.cl/joomsport_team/provincial-talagante/?sid=166009
Nicolás Padilla Volante,MED,Volante,N/A,N/A,N/A,https://enelcamarin.cl/joomsport_team/provincial-talagante/?sid=166009
Bayron Delgado Volante,MED,Volante,N/A,N/A,N/A,https://enelcamarin.cl/joomsport_team/provincial-talagante/?sid=166009
Ricardo Aguilar Volante,MED,Volante,N/A,N/A,N/A,https://enelcamarin.cl/joomsport_team/provincial-talagante/?sid=166009
Luis Villalobos Volante,MED,Volante,N/A,N/A,N/A,https://enelcamarin.cl/joomsport_team/provincial-talagante/?sid=166009
Bryan Sepúlveda Volante,MED,Volante,N/A,N/A,N/A,https://enelcamarin.cl/joomsport_team/provincial-talagante/?sid=166009
Diego Paredes Fonseca Volante,MED,Volante,N/A,N/A,N/A,https://enelcamarin.cl/joomsport_team/provincial-talagante/?sid=166009
Miguel Marín Delantero,DEL,Delantero,N/A,N/A,N/A,https://enelcamarin.cl/joomsport_team/provincial-talagante/?sid=166009
7. Eduardo Peñailillo Delantero,DEL,Delantero,N/A,N/A,N/A,https://enelcamarin.cl/joomsport_team/provincial-talagante/?sid=166009
Bruno Sepúlveda Delantero,DEL,Delantero,N/A,N/A,N/A,https://enelcamarin.cl/joomsport_team/provincial-talagante/?sid=166009
Ariel Rojas Delantero,DEL,Delantero,N/A,N/A,N/A,https://enelcamarin.cl/joomsport_team/provincial-talagante/?sid=166009
David Osorio Delantero,DEL,Delantero,N/A,N/A,N/A,https://enelcamarin.cl/joomsport_team/provincial-talagante/?sid=166009
Esteban González Delantero,DEL,Delantero,N/A,N/A,N/A,https://enelcamarin.cl/joomsport_team/provincial-talagante/?sid=166009
19. Damián Soto Delantero,DEL,Delantero,N/A,N/A,N/A,https://enelcamarin.cl/joomsport_team/provincial-talagante/?sid=166009
Paolo Peralta Delantero,DEL,Delantero,N/A,N/A,N/A,https://enelcamarin.cl/joomsport_team/provincial-talagante/?sid=166009
Yimmy Colihuinca Delantero,DEL,Delantero,N/A,N/A,N/A,https://enelcamarin.cl/joomsport_team/provincial-talagante/?sid=166009
22. Máximo Sandobal Delantero,DEL,Delantero,N/A,N/A,N/A,https://enelcamarin.cl/joomsport_team/provincial-talagante/?sid=166009
Pablo Pereira González Delantero,DEL,Delantero,N/A,N/A,N/A,https://enelcamarin.cl/joomsport_team/provincial-talagante/?sid=166009
Iván Zamorano Contreras Delantero,DEL,Delantero,N/A,N/A,N/A,https://enelcamarin.cl/joomsport_team/provincial-talagante/?sid=166009
Braulio Fernández Delantero,DEL,Delantero,N/A,N/A,N/A,https://enelcamarin.cl/joomsport_team/provincial-talagante/?sid=166009
Camilo Maureira Delantero,DEL,Delantero,N/A,N/A,N/A,https://enelcamarin.cl/joomsport_team/provincial-talagante/?sid=166009
Benjamín Díaz Arancibia Delantero,DEL,Delantero,N/A,N/A,N/A,https://enelcamarin.cl/joomsport_team/provincial-talagante/?sid=166009
Ignacio Aguilera Jara Delantero,DEL,Delantero,N/A,N/A,N/A,https://enelcamarin.cl/joomsport_team/provincial-talagante/?sid=166009
Johan Díaz Vargas Delantero,DEL,Delantero,N/A,N/A,N/A,https://enelcamarin.cl/joomsport_team/provincial-talagante/?sid=166009
Sebastián González Almarza Delantero,DEL,Delantero,N/A,N/A,N/A,https://enelcamarin.cl/joomsport_team/provincial-talagante/?sid=166009
DT. Orlando Amigo Entrenador,N/A,N/A,N/A,N/A,N/A,https://enelcamarin.cl/joomsport_team/provincial-talagante/?sid=166009
DT. Esteban Pino Entrenador,N/A,N/A,N/A,N/A,N/A,https://enelcamarin.cl/joomsport_team/provincial-talagante/?sid=166009
DT. José Catalán Entrenador,N/A,N/A,N/A,N/A,N/A,https://enelcamarin.cl/joomsport_team/provincial-talagante/?sid=166009
Miguel Marín,N/A,N/A,N/A,N/A,N/A,https://enelcamarin.cl/joomsport_team/provincial-talagante/?sid=166009
7. Eduardo Peñailillo,N/A,N/A,N/A,N/A,N/A,https://enelcamarin.cl/joomsport_team/provincial-talagante/?sid=166009
Juan Gabriel Díaz,N/A,N/A,N/A,N/A,N/A,https://enelcamarin.cl/joomsport_team/provincial-talagante/?sid=166009
Miguel Ramos,N/A,N/A,N/A,N/A,N/A,https://enelcamarin.cl/joomsport_team/provincial-talagante/?sid=166009
Ian Leal,N/A,N/A,N/A,N/A,N/A,https://enelcamarin.cl/joomsport_team/provincial-talagante/?sid=166009
Denis Pereira,N/A,N/A,N/A,N/A,N/A,https://enelcamarin.cl/joomsport_team/provincial-talagante/?sid=166009
DT. Orlando Amigo,N/A,N/A,N/A,N/A,N/A,https://enelcamarin.cl/joomsport_team/provincial-talagante/?sid=166009
Mirko Rivera,N/A,N/A,N/A,N/A,N/A,https://enelcamarin.cl/joomsport_team/provincial-talagante/?sid=166009
Dilan Fuentes,N/A,N/A,N/A,N/A,N/A,https://enelcamarin.cl/joomsport_team/provincial-talagante/?sid=166009
Bastián Osorio,N/A,N/A,N/A,N/A,N/A,https://enelcamarin.cl/joomsport_team/provincial-talagante/?sid=166009
Matías Quintana,N/A,N/A,N/A,N/A,N/A,https://enelcamarin.cl/joomsport_team/provincial-talagante/?sid=166009
Marco Fuentes,N/A,N/A,N/A,N/A,N/A,https://enelcamarin.cl/joomsport_team/provincial-talagante/?sid=166009
Martín Leal,N/A,N/A,N/A,N/A,N/A,https://enelcamarin.cl/joomsport_team/provincial-talagante/?sid=166009
Bruno Sepúlveda,N/A,N/A,N/A,N/A,N/A,https://enelcamarin.cl/joomsport_team/provincial-talagante/?sid=166009
Cristóbal León,N/A,N/A,N/A,N/A,N/A,https://enelcamarin.cl/joomsport_team/provincial-talagante/?sid=166009
Juan Matta,N/A,N/A,N/A,N/A,N/A,https://enelcamarin.cl/joomsport_team/provincial-talagante/?sid=166009
Cristofer Fuenzalida,N/A,N/A,N/A,N/A,N/A,https://enelcamarin.cl/joomsport_team/provincial-talagante/?sid=166009
Gonzalo Luarte,N/A,N/A,N/A,N/A,N/A,https://enelcamarin.cl/joomsport_team/provincial-talagante/?sid=166009
Sebastián Mora,N/A,N/A,N/A,N/A,N/A,https://enelcamarin.cl/joomsport_team/provincial-talagante/?sid=166009
Ariel Rojas,N/A,N/A,N/A,N/A,N/A,https://enelcamarin.cl/joomsport_team/provincial-talagante/?sid=166009
David Osorio,N/A,N/A,N/A,N/A,N/A,https://enelcamarin.cl/joomsport_team/provincial-talagante/?sid=166009
Juan Bravo,N/A,N/A,N/A,N/A,N/A,https://enelcamarin.cl/joomsport_team/provincial-talagante/?sid=166009
Luis Cofré,N/A,N/A,N/A,N/A,N/A,https://enelcamarin.cl/joomsport_team/provincial-talagante/?sid=166009
Esteban González,N/A,N/A,N/A,N/A,N/A,https://enelcamarin.cl/joomsport_team/provincial-talagante/?sid=166009
Sebastián Vega,N/A,N/A,N/A,N/A,N/A,https://enelcamarin.cl/joomsport_team/provincial-talagante/?sid=166009
Tomás Díaz,N/A,N/A,N/A,N/A,N/A,https://enelcamarin.cl/joomsport_team/provincial-talagante/?sid=166009
José Campos,N/A,N/A,N/A,N/A,N/A,https://enelcamarin.cl/joomsport_team/provincial-talagante/?sid=166009
David Núñez Vásquez,N/A,N/A,N/A,N/A,N/A,https://enelcamarin.cl/joomsport_team/provincial-talagante/?sid=166009
Bruno Cruz,N/A,N/A,N/A,N/A,N/A,https://enelcamarin.cl/joomsport_team/provincial-talagante/?sid=166009
Tobías Córdoba,N/A,N/A,N/A,N/A,N/A,https://enelcamarin.cl/joomsport_team/provincial-talagante/?sid=166009
Felipe Peña,N/A,N/A,N/A,N/A,N/A,https://enelcamarin.cl/joomsport_team/provincial-talagante/?sid=166009
Juan Díaz García,N/A,N/A,N/A,N/A,N/A,https://enelcamarin.cl/joomsport_team/provincial-talagante/?sid=166009
Sebastián Sepúlveda Ortiz,N/A,N/A,N/A,N/A,N/A,https://enelcamarin.cl/joomsport_team/provincial-talagante/?sid=166009
Simón Castro,N/A,N/A,N/A,N/A,N/A,https://enelcamarin.cl/joomsport_team/provincial-talagante/?sid=166009
David Rojas,N/A,N/A,N/A,N/A,N/A,https://enelcamarin.cl/joomsport_team/provincial-talagante/?sid=166009
Benjamín Hernández,N/A,N/A,N/A,N/A,N/A,https://enelcamarin.cl/joomsport_team/provincial-talagante/?sid=166009
Benjamín Vidal Henríquez,N/A,N/A,N/A,N/A,N/A,https://enelcamarin.cl/joomsport_team/provincial-talagante/?sid=166009
19. Damián Soto,N/A,N/A,N/A,N/A,N/A,https://enelcamarin.cl/joomsport_team/provincial-talagante/?sid=166009
Marco Almonacid,N/A,N/A,N/A,N/A,N/A,https://enelcamarin.cl/joomsport_team/provincial-talagante/?sid=166009
15. Axel Oviedo Flores,N/A,N/A,N/A,N/A,N/A,https://enelcamarin.cl/joomsport_team/provincial-talagante/?sid=166009
Pablo Sepúlveda,N/A,N/A,N/A,N/A,N/A,https://enelcamarin.cl/joomsport_team/provincial-talagante/?sid=166009
Lucas Valenzuela,N/A,N/A,N/A,N/A,N/A,https://enelcamarin.cl/joomsport_team/provincial-talagante/?sid=166009
Paolo Flores,N/A,N/A,N/A,N/A,N/A,https://enelcamarin.cl/joomsport_team/provincial-talagante/?sid=166009
5. Benjamín Herrera,N/A,N/A,N/A,N/A,N/A,https://enelcamarin.cl/joomsport_team/provincial-talagante/?sid=166009
Paolo Peralta,N/A,N/A,N/A,N/A,N/A,https://enelcamarin.cl/joomsport_team/provincial-talagante/?sid=166009
Matías Alfaro,N/A,N/A,N/A,N/A,N/A,https://enelcamarin.cl/joomsport_team/provincial-talagante/?sid=166009
Cristóbal Huerta,N/A,N/A,N/A,N/A,N/A,https://enelcamarin.cl/joomsport_team/provincial-talagante/?sid=166009
13. Yarko Álvarez,N/A,N/A,N/A,N/A,N/A,https://enelcamarin.cl/joomsport_team/provincial-talagante/?sid=166009
14. Bastián Soto,N/A,N/A,N/A,N/A,N/A,https://enelcamarin.cl/joomsport_team/provincial-talagante/?sid=166009
Diego Vargas,N/A,N/A,N/A,N/A,N/A,https://enelcamarin.cl/joomsport_team/provincial-talagante/?sid=166009
Jean Franco Sepúlveda,N/A,N/A,N/A,N/A,N/A,https://enelcamarin.cl/joomsport_team/provincial-talagante/?sid=166009
15. Juan Armijo,N/A,N/A,N/A,N/A,N/A,https://enelcamarin.cl/joomsport_team/provincial-talagante/?sid=166009
5. Dereck Salinas,N/A,N/A,N/A,N/A,N/A,https://enelcamarin.cl/joomsport_team/provincial-talagante/?sid=166009
Yimmy Colihuinca,N/A,N/A,N/A,N/A,N/A,https://enelcamarin.cl/joomsport_team/provincial-talagante/?sid=166009
20. Javier Ramos,N/A,N/A,N/A,N/A,N/A,https://enelcamarin.cl/joomsport_team/provincial-talagante/?sid=166009
Benjamín Muñoz Fernández,N/A,N/A,N/A,N/A,N/A,https://enelcamarin.cl/joomsport_team/provincial-talagante/?sid=166009
22. Máximo Sandobal,N/A,N/A,N/A,N/A,N/A,https://enelcamarin.cl/joomsport_team/provincial-talagante/?sid=166009
23. Javier Barahona,N/A,N/A,N/A,N/A,N/A,https://enelcamarin.cl/joomsport_team/provincial-talagante/?sid=166009
DT. Esteban Pino,N/A,N/A,N/A,N/A,N/A,https://enelcamarin.cl/joomsport_team/provincial-talagante/?sid=166009
13. Cristián Álvarez,N/A,N/A,N/A,N/A,N/A,https://enelcamarin.cl/joomsport_team/provincial-talagante/?sid=166009
17. Dalian Sandoval,N/A,N/A,N/A,N/A,N/A,https://enelcamarin.cl/joomsport_team/provincial-talagante/?sid=166009
1. Lucas Campos,N/A,N/A,N/A,N/A,N/A,https://enelcamarin.cl/joomsport_team/provincial-talagante/?sid=166009
35. Iván Ruiz,N/A,N/A,N/A,N/A,N/A,https://enelcamarin.cl/joomsport_team/provincial-talagante/?sid=166009
Pablo Pereira González,N/A,N/A,N/A,N/A,N/A,https://enelcamarin.cl/joomsport_team/provincial-talagante/?sid=166009
Iván Zamorano Contreras,N/A,N/A,N/A,N/A,N/A,https://enelcamarin.cl/joomsport_team/provincial-talagante/?sid=166009
Braulio Fernández,N/A,N/A,N/A,N/A,N/A,https://enelcamarin.cl/joomsport_team/provincial-talagante/?sid=166009
Vicente Garrido Poblete,N/A,N/A,N/A,N/A,N/A,https://enelcamarin.cl/joomsport_team/provincial-talagante/?sid=166009
Fabián Neira Hermosilla,N/A,N/A,N/A,N/A,N/A,https://enelcamarin.cl/joomsport_team/provincial-talagante/?sid=166009
José San Martín,N/A,N/A,N/A,N/A,N/A,https://enelcamarin.cl/joomsport_team/provincial-talagante/?sid=166009
Adolfo Guzmán,N/A,N/A,N/A,N/A,N/A,https://enelcamarin.cl/joomsport_team/provincial-talagante/?sid=166009
Luciano López,N/A,N/A,N/A,N/A,N/A,https://enelcamarin.cl/joomsport_team/provincial-talagante/?sid=166009
Daniel Núñez,N/A,N/A,N/A,N/A,N/A,https://enelcamarin.cl/joomsport_team/provincial-talagante/?sid=166009
Héctor Farías,N/A,N/A,N/A,N/A,N/A,https://enelcamarin.cl/joomsport_team/provincial-talagante/?sid=166009
Nicolás Pérez Zúñiga,N/A,N/A,N/A,N/A,N/A,https://enelcamarin.cl/joomsport_team/provincial-talagante/?sid=166009
Camilo Maureira,N/A,N/A,N/A,N/A,N/A,https://enelcamarin.cl/joomsport_team/provincial-talagante/?sid=166009
Matías Carreño,N/A,N/A,N/A,N/A,N/A,https://enelcamarin.cl/joomsport_team/provincial-talagante/?sid=166009
Nicolás Padilla,N/A,N/A,N/A,N/A,N/A,https://enelcamarin.cl/joomsport_team/provincial-talagante/?sid=166009
Benjamín Díaz Arancibia,N/A,N/A,N/A,N/A,N/A,https://enelcamarin.cl/joomsport_team/provincial-talagante/?sid=166009
Ignacio Aguilera Jara,N/A,N/A,N/A,N/A,N/A,https://enelcamarin.cl/joomsport_team/provincial-talagante/?sid=166009
Bayron Delgado,N/A,N/A,N/A,N/A,N/A,https://enelcamarin.cl/joomsport_team/provincial-talagante/?sid=166009
David Peña,N/A,N/A,N/A,N/A,N/A,https://enelcamarin.cl/joomsport_team/provincial-talagante/?sid=166009
Johan Díaz Vargas,N/A,N/A,N/A,N/A,N/A,https://enelcamarin.cl/joomsport_team/provincial-talagante/?sid=166009
Matías Baeza,N/A,N/A,N/A,N/A,N/A,https://enelcamarin.cl/joomsport_team/provincial-talagante/?sid=166009
Ricardo Aguilar,N/A,N/A,N/A,N/A,N/A,https://enelcamarin.cl/joomsport_team/provincial-talagante/?sid=166009
Sebastián González Almarza,N/A,N/A,N/A,N/A,N/A,https://enelcamarin.cl/joomsport_team/provincial-talagante/?sid=166009
Luis Villalobos,N/A,N/A,N/A,N/A,N/A,https://enelcamarin.cl/joomsport_team/provincial-talagante/?sid=166009
Bryan Sepúlveda,N/A,N/A,N/A,N/A,N/A,https://enelcamarin.cl/joomsport_team/provincial-talagante/?sid=166009
Tomás Bahamondes,N/A,N/A,N/A,N/A,N/A,https://enelcamarin.cl/joomsport_team/provincial-talagante/?sid=166009
Matías Becerra,N/A,N/A,N/A,N/A,N/A,https://enelcamarin.cl/joomsport_team/provincial-talagante/?sid=166009
Sebastián Gajardo,N/A,N/A,N/A,N/A,N/A,https://enelcamarin.cl/joomsport_team/provincial-talagante/?sid=166009
Diego Paredes Fonseca,N/A,N/A,N/A,N/A,N/A,https://enelcamarin.cl/joomsport_team/provincial-talagante/?sid=166009
DT. José Catalán,N/A,N/A,N/A,N/A,N/A,https://enelcamarin.cl/joomsport_team/provincial-talagante/?sid=166009
